{
  "cli": {
    "version": "16.17.4"
  },
  "build": {
    "development": {
      "developmentClient": true,
      "distribution": "internal",
      "ios": {
        "simulator": true
      },
      "env": {
        "EXPO_PUBLIC_ENV": "development",
        "EXPO_PUBLIC_IAP_PRODUCT_IDS": "promonthly",
        "EXPO_PUBLIC_IAP_GROUP_ID": "21762804"
      }
    },
    "preview": {
      "distribution": "internal",
      "env": {
        "EXPO_PUBLIC_ENV": "preview",
        "EXPO_PUBLIC_IAP_PRODUCT_IDS": "promonthly",
        "EXPO_PUBLIC_IAP_GROUP_ID": "21762804"
      }
    },
    "production": {
      "ios": {
        "distribution": "store"
      },
      "android": {
        "distribution": "store"
      },
      "env": {
        "EXPO_PUBLIC_ENV": "production",
        "EXPO_PUBLIC_IAP_PRODUCT_IDS": "promonthly",
        "EXPO_PUBLIC_IAP_GROUP_ID": "21762804"
      }
    }
  },
  "submit": {
    "production": {
      "ios": {}
    }
  }
}
