{
  "created": "2025-07-04T19:07:53.898Z",
  "assets": {
    "icon.svg": {
      "size": "1024x1024",
      "format": "SVG",
      "purpose": "iOS App Store icon source",
      "colors": [
        "#F59E0B",
        "#0F172A"
      ],
      "design": "Graduation cap with amber gradient background"
    },
    "splash.svg": {
      "size": "1536x1024",
      "format": "SVG",
      "purpose": "Launch screen",
      "colors": [
        "#F59E0B",
        "#D97706",
        "#0F172A"
      ],
      "design": "Centered logo with app name and tagline"
    },
    "favicon.svg": {
      "size": "512x512",
      "format": "SVG",
      "purpose": "Web favicon",
      "colors": [
        "#F59E0B",
        "#0F172A"
      ],
      "design": "Simplified graduation cap icon"
    }
  },
  "conversion_needed": {
    "icon.png": "Convert icon.svg to 1024x1024 PNG",
    "splash.png": "Convert splash.svg to 1536x1024 PNG",
    "favicon.png": "Convert favicon.svg to 512x512 PNG",
    "adaptive-icon.png": "Create 1024x1024 PNG for Android"
  },
  "tools": [
    "Online: cloudconvert.com, convertio.co",
    "Command line: imagemagick (convert icon.svg icon.png)",
    "Node.js: sharp library (npm install sharp)",
    "Design tools: Figma, Sketch, Adobe Illustrator"
  ]
}